<?xml version="1.0" encoding="UTF-8"?>
<addon id="gameclient.picodrive"
		name="Sega MS/GG/MD/CD/32X (Picodrive)"
		version="1.91.2"
		provider-name="notaz|fdave">
	<requires>
		<import addon="library.xbmc.libretro" version="1.0.0"/>
	</requires>
	<extension point="xbmc.gameclient"
			library_android=""
			library_linux=""
			library_osx="picodrive_libretro.dylib"
			library_windx=""
			library_wingl="">
		<platforms>Sega 16bit + 32X (Various)</platforms>
		<extensions>bin|gen|smd|md|32x|cue|iso|sms</extensions>
		<supports_vfs>false</supports_vfs>
		<supports_no_game>false</supports_no_game>
	</extension>
	<extension point="xbmc.addon.metadata">
		<summary lang="en">Picodrive (1.91)</summary>
		<description>Supported files: bin|gen|smd|md|32x|cue|iso|sms

Last updated 2014-4-26 (05689b3)</description>
		<license></license>
		<platform></platform>
		<nofanart>true</nofanart>
		<noicon>true</noicon>
		
	</extension>
</addon>