<?xml version="1.0" encoding="UTF-8"?>
<addon id="gameclient.tyrquake"
		name="Quake 1 (TyrQuake)"
		version="0.62.0"
		provider-name="Libretro Team">
	<requires>
		<import addon="library.xbmc.libretro" version="1.0.0"/>
	</requires>
	<extension point="xbmc.gameclient"
			library_android=""
			library_linux=""
			library_osx=""
			library_windx="tyrquake_libretro_win.dll"
			library_wingl="tyrquake_libretro_win.dll">
		<platforms>Quake 1 game engine</platforms>
		<extensions>pak</extensions>
		<supports_vfs>true</supports_vfs>
		<supports_no_game>false</supports_no_game>
	</extension>
	<extension point="xbmc.addon.metadata">
		<summary lang="en">TyrQuake (v0.62)</summary>
		<description>Supported files: pak</description>
		<license></license>
		<platform></platform>
		<nofanart>true</nofanart>
		<noicon>true</noicon>
		
	</extension>
</addon>