<?xml version="1.0" encoding="UTF-8"?>
<addon id="gameclient.mednafen.psx"
		name="PlayStation1 (Mednafen PSX)"
		version="0.9.36"
		provider-name="Ryphecha">
	<requires>
		<import addon="library.xbmc.libretro" version="1.0.0"/>
	</requires>
	<extension point="xbmc.gameclient"
			library_android=""
			library_linux=""
			library_osx="mednafen_psx_libretro.dylib"
			library_windx=""
			library_wingl="">
		<platforms>PlayStation</platforms>
		<extensions>cue|toc|m3u|ccd</extensions>
		<supports_vfs>false</supports_vfs>
		<supports_no_game>false</supports_no_game>
	</extension>
	<extension point="xbmc.addon.metadata">
		<summary lang="en">Mednafen PSX (v0.9.33.3)</summary>
		<description>Supported files: cue|toc|m3u|ccd

Last updated 2014-6-4 (2693de3)</description>
		<license></license>
		<platform></platform>
		<nofanart>true</nofanart>
		<noicon>false</noicon>
		
	</extension>
</addon>