<?xml version="1.0" encoding="UTF-8"?>
<addon id="gameclient.fceumm"
		name="NES / Famicom (FCEUmm)"
		version="1.0.3"
		provider-name="CaH4e3|FCEU Team">
	<requires>
		<import addon="library.xbmc.libretro" version="1.0.0"/>
	</requires>
	<extension point="xbmc.gameclient"
			library_android=""
			library_linux=""
			library_osx="fceumm_libretro.dylib"
			library_windx=""
			library_wingl="">
		<platforms>Nintendo Entertainment System</platforms>
		<extensions>fds|nes|unif</extensions>
		<supports_vfs>false</supports_vfs>
		<supports_no_game>false</supports_no_game>
	</extension>
	<extension point="xbmc.addon.metadata">
		<summary lang="en">FCEUmm ((SVN))</summary>
		<description>Supported files: fds|nes|unif

Last updated 2014-4-26 (937810b)</description>
		<license></license>
		<platform></platform>
		<nofanart>true</nofanart>
		<noicon>false</noicon>
		
	</extension>
</addon>