<?xml version="1.0" encoding="UTF-8"?>
<addon id="gameclient.mednafen.ngp"
		name="Neo Geo Pocket/Color (Mednafen Neopop)"
		version="0.9.34"
		provider-name="Libretro Team">
	<requires>
		<import addon="library.xbmc.libretro" version="1.0.0"/>
	</requires>
	<extension point="xbmc.gameclient"
			library_android=""
			library_linux="mednafen_ngp_libretro.so"
			library_osx=""
			library_windx=""
			library_wingl="">
		<platforms>Neo Geo Pocket (Color)</platforms>
		<extensions>ngp|ngc</extensions>
		<supports_vfs>false</supports_vfs>
		<supports_no_game>false</supports_no_game>
	</extension>
	<extension point="xbmc.addon.metadata">
		<summary lang="en">Mednafen Neopop (v0.9.33.3)</summary>
		<description>Supported files: ngp|ngc

Last updated 2014-6-4 (2693de3)</description>
		<license></license>
		<platform></platform>
		<nofanart>true</nofanart>
		<noicon>true</noicon>
		
	</extension>
</addon>