<?xml version="1.0" encoding="UTF-8"?>
<addon id="gameclient.genesis.plus.gx"
		name="Sega MS/GG/MD/CD (Genesis Plus GX)"
		version="1.7.4"
		provider-name="Charles McDonald|Eke-Eke">
	<requires>
		<import addon="library.xbmc.libretro" version="1.0.0"/>
	</requires>
	<extension point="xbmc.gameclient"
			library_android=""
			library_linux=""
			library_osx=""
			library_windx=""
			library_wingl="">
		<platforms>Sega 8/16bit (Various)</platforms>
		<extensions>mdx|md|smd|gen|bin|cue|iso|sms|gg|sg</extensions>
		<supports_vfs>false</supports_vfs>
		<supports_no_game>false</supports_no_game>
	</extension>
	<extension point="xbmc.addon.metadata">
		<summary lang="en">Genesis Plus GX (v1.7.4)</summary>
		<description>Supported files: mdx|md|smd|gen|bin|cue|iso|sms|gg|sg</description>
		<license></license>
		<platform></platform>
		<nofanart>true</nofanart>
		<noicon>false</noicon>
		
	</extension>
</addon>