<?xml version="1.0" encoding="UTF-8"?>
<addon id="gameclient.bsnes.balanced"
		name="SNES / Super Famicom (bSNES Balanced)"
		version="94.0.1"
		provider-name="byuu">
	<requires>
		<import addon="library.xbmc.libretro" version="1.0.0"/>
	</requires>
	<extension point="xbmc.gameclient"
			library_android=""
			library_linux="bsnes_balanced_libretro.so"
			library_osx=""
			library_windx=""
			library_wingl="">
		<platforms>Super Nintendo Entertainment System</platforms>
		<extensions>sfc|smc|bml</extensions>
		<supports_vfs>true</supports_vfs>
		<supports_no_game>false</supports_no_game>
	</extension>
	<extension point="xbmc.addon.metadata">
		<summary lang="en">bsnes/higan Balanced (v094 (Balanced))</summary>
		<description>Supported files: sfc|smc|bml

Last updated 2014-5-16 (5105b47)</description>
		<license></license>
		<platform></platform>
		<nofanart>true</nofanart>
		<noicon>false</noicon>
		
	</extension>
</addon>