<?xml version="1.0" encoding="UTF-8"?>
<addon id="gameclient.gambatte"
		name="Game Boy / Game Boy Color (Gambatte)"
		version="0.5.0"
		provider-name="Sinamas">
	<requires>
		<import addon="library.xbmc.libretro" version="1.0.0"/>
	</requires>
	<extension point="xbmc.gameclient"
			library_android=""
			library_linux="gambatte_libretro.so"
			library_osx=""
			library_windx=""
			library_wingl="">
		<platforms>Game Boy/Game Boy Color</platforms>
		<extensions>gb|gbc|dmg</extensions>
		<supports_vfs>true</supports_vfs>
		<supports_no_game>false</supports_no_game>
	</extension>
	<extension point="xbmc.addon.metadata">
		<summary lang="en">Gambatte (v0.5.0)</summary>
		<description>Supported files: gb|gbc|dmg</description>
		<license></license>
		<platform></platform>
		<nofanart>true</nofanart>
		<noicon>false</noicon>
		<!--<broken>Poor performance and reported crashes. Use FCEU-Next.</broken>-->
		
	</extension>
</addon>