<?xml version="1.0" encoding="UTF-8"?>
<addon id="gameclient.bnes"
		name="NES / Famicom (bNES)"
		version="83.0.1"
		provider-name="byuu">
	<requires>
		<import addon="library.xbmc.libretro" version="1.0.0"/>
	</requires>
	<extension point="xbmc.gameclient"
			library_android=""
			library_linux="bnes_libretro.so"
			library_osx=""
			library_windx=""
			library_wingl="">
		<platforms>Nintendo Entertainment System</platforms>
		<extensions>nes</extensions>
		<supports_vfs>true</supports_vfs>
		<supports_no_game>false</supports_no_game>
	</extension>
	<extension point="xbmc.addon.metadata">
		<summary lang="en">bNES/higan (v083)</summary>
		<description>Supported files: nes

Last updated 2014-5-23 (73285f8)</description>
		<license></license>
		<platform></platform>
		<nofanart>true</nofanart>
		<noicon>false</noicon>
		
	</extension>
</addon>