<?xml version="1.0" encoding="UTF-8"?>
<addon id="gameclient.mame"
		name="Arcade (MAME 2014)"
		version="1.0.0"
		provider-name="MAMEdev">
	<requires>
		<import addon="library.xbmc.libretro" version="1.0.0"/>
	</requires>
	<extension point="xbmc.gameclient"
			library_android=""
			library_linux="mame_libretro.so"
			library_osx=""
			library_windx=""
			library_wingl="">
		<platforms>Arcade (various)</platforms>
		<extensions>zip|chd|7z</extensions>
		<supports_vfs>false</supports_vfs>
		<supports_no_game>false</supports_no_game>
	</extension>
	<extension point="xbmc.addon.metadata">
		<summary lang="en">MAME 2014 (Git) (Git)</summary>
		<description>Supported files: zip|chd|7z</description>
		<license></license>
		<platform></platform>
		<nofanart>true</nofanart>
		<noicon>false</noicon>
		<!--<broken>Poor performance and reported crashes. Use FCEU-Next.</broken>-->
		
	</extension>
</addon>