<?xml version="1.0" encoding="UTF-8"?>
<addon id="gameclient.3dengine"
		name="3D Engine"
		version="1.0.1"
		provider-name="Team Libretro">
	<requires>
		<import addon="library.xbmc.libretro" version="1.0.0"/>
	</requires>
	<extension point="xbmc.gameclient"
			library_android=""
			library_linux=""
			library_osx="3dengine_libretro.dylib"
			library_windx=""
			library_wingl="">
		<platforms>3D Engine</platforms>
		<extensions>png|jpg|mtl|obj</extensions>
		<supports_vfs>true</supports_vfs>
		<supports_no_game>false</supports_no_game>
	</extension>
	<extension point="xbmc.addon.metadata">
		<summary lang="en">3DEngine (v1)</summary>
		<description>Supported files: png|jpg|mtl|obj

Last updated 2014-4-26 (ae5ebea)</description>
		<license></license>
		<platform></platform>
		<nofanart>true</nofanart>
		<noicon>true</noicon>
		
	</extension>
</addon>