<?xml version="1.0" encoding="UTF-8"?>
<addon id="gameclient.desmume"
		name="Nintendo DS (DeSmuME)"
		version="1.0.1"
		provider-name="YopYop156|Zeromus">
	<requires>
		<import addon="library.xbmc.libretro" version="1.0.0"/>
	</requires>
	<extension point="xbmc.gameclient"
			library_android=""
			library_linux=""
			library_osx="desmume_libretro.dylib"
			library_windx=""
			library_wingl="">
		<platforms>Nintendo DS</platforms>
		<extensions>nds|bin</extensions>
		<supports_vfs>false</supports_vfs>
		<supports_no_game>false</supports_no_game>
	</extension>
	<extension point="xbmc.addon.metadata">
		<summary lang="en">DeSmuME (svn)</summary>
		<description>Supported files: nds|bin

Last updated 2014-5-24 (7a03cab)</description>
		<license></license>
		<platform></platform>
		<nofanart>true</nofanart>
		<noicon>false</noicon>
		
	</extension>
</addon>