<?xml version="1.0" encoding="UTF-8"?>
<addon id="gameclient.fb.alpha"
		name="Arcade (FBA)"
		version="0.2.99"
		provider-name="Barry Harris">
	<requires>
		<import addon="library.xbmc.libretro" version="1.0.0"/>
	</requires>
	<extension point="xbmc.gameclient"
			library_android=""
			library_linux=""
			library_osx="fb_alpha_libretro.dylib"
			library_windx=""
			library_wingl="">
		<platforms>Arcade (various)</platforms>
		<extensions>iso|zip</extensions>
		<supports_vfs>false</supports_vfs>
		<supports_no_game>false</supports_no_game>
	</extension>
	<extension point="xbmc.addon.metadata">
		<summary lang="en">Final Burn Alpha (v0.2.97.30)</summary>
		<description>Supported files: iso|zip

Last updated 2014-5-24 (b5904c8)</description>
		<license></license>
		<platform></platform>
		<nofanart>true</nofanart>
		<noicon>false</noicon>
		
	</extension>
</addon>