<?xml version="1.0" encoding="UTF-8"?>
<addon id="gameclient.mednafen.gba"
		name="Game Boy Advance (Mednafen VBA)"
		version="0.9.35"
		provider-name="Forgotten|Ryphecha">
	<requires>
		<import addon="library.xbmc.libretro" version="1.0.0"/>
	</requires>
	<extension point="xbmc.gameclient"
			library_android=""
			library_linux=""
			library_osx="mednafen_gba_libretro.dylib"
			library_windx=""
			library_wingl="">
		<platforms>Game Boy Advance</platforms>
		<extensions>gba|agb|bin</extensions>
		<supports_vfs>false</supports_vfs>
		<supports_no_game>false</supports_no_game>
	</extension>
	<extension point="xbmc.addon.metadata">
		<summary lang="en">Mednafen VBA (v0.9.33.3)</summary>
		<description>Supported files: gba|agb|bin

Last updated 2014-6-4 (2693de3)</description>
		<license></license>
		<platform></platform>
		<nofanart>true</nofanart>
		<noicon>true</noicon>
		
	</extension>
</addon>