<?xml version="1.0" encoding="UTF-8"?>
<addon id="gameclient.vbam"
		name="Game Boy Advance (VBA-M)"
		version="1.0.2"
		provider-name="Forgotten|VBA-M Team">
	<requires>
		<import addon="library.xbmc.libretro" version="1.0.0"/>
	</requires>
	<extension point="xbmc.gameclient"
			library_android=""
			library_linux=""
			library_osx="vbam_libretro.dylib"
			library_windx=""
			library_wingl="">
		<platforms>Game Boy Advance</platforms>
		<extensions>gba</extensions>
		<supports_vfs>true</supports_vfs>
		<supports_no_game>false</supports_no_game>
	</extension>
	<extension point="xbmc.addon.metadata">
		<summary lang="en">VBA-M (v1.0.2)</summary>
		<description>Supported files: gba</description>
		<license></license>
		<platform></platform>
		<nofanart>true</nofanart>
		<noicon>false</noicon>
		
	</extension>
</addon>