<?xml version="1.0" encoding="UTF-8"?>
<addon id="gameclient.mednafen.snes"
		name="SNES / Super Famicom (Mednafen SNES)"
		version="0.9.26"
		provider-name="Libretro Team">
	<requires>
		<import addon="library.xbmc.libretro" version="1.0.0"/>
	</requires>
	<extension point="xbmc.gameclient"
			library_android=""
			library_linux="mednafen_snes_libretro.so"
			library_osx=""
			library_windx=""
			library_wingl="">
		<platforms>Super Nintendo Entertainment System</platforms>
		<extensions>smc|fig|bs|st|sfc</extensions>
		<supports_vfs>false</supports_vfs>
		<supports_no_game>false</supports_no_game>
	</extension>
	<extension point="xbmc.addon.metadata">
		<summary lang="en">Mednafen SNES (v0.9.26)</summary>
		<description>Supported files: smc|fig|bs|st|sfc</description>
		<license></license>
		<platform></platform>
		<nofanart>true</nofanart>
		<noicon>true</noicon>
		
	</extension>
</addon>