<?xml version="1.0" encoding="UTF-8"?>
<addon id="gameclient.meteor"
		name="Game Boy Advance (Meteor)"
		version="1.4.0"
		provider-name="Philippe Daouadi">
	<requires>
		<import addon="library.xbmc.libretro" version="1.0.0"/>
	</requires>
	<extension point="xbmc.gameclient"
			library_android=""
			library_linux="meteor_libretro.so"
			library_osx=""
			library_windx=""
			library_wingl="">
		<platforms>Game Boy Advance</platforms>
		<extensions>gba</extensions>
		<supports_vfs>true</supports_vfs>
		<supports_no_game>false</supports_no_game>
	</extension>
	<extension point="xbmc.addon.metadata">
		<summary lang="en">Meteor (v1.4)</summary>
		<description>Supported files: gba</description>
		<license></license>
		<platform></platform>
		<nofanart>true</nofanart>
		<noicon>true</noicon>
		
	</extension>
</addon>