<?xml version="1.0" encoding="UTF-8"?>
<addon id="gameclient.bsnes.cplusplus98"
		name="SNES / Super Famicom (bSNES C++98 (v085))"
		version="85.0.0"
		provider-name="byuu|Themaister|Ver GreenEyes">
	<requires>
		<import addon="library.xbmc.libretro" version="1.0.0"/>
	</requires>
	<extension point="xbmc.gameclient"
			library_android=""
			library_linux="bsnes_cplusplus98_libretro.so"
			library_osx=""
			library_windx=""
			library_wingl="">
		<platforms>Super Nintendo Entertainment System</platforms>
		<extensions>sfc|smc</extensions>
		<supports_vfs>true</supports_vfs>
		<supports_no_game>false</supports_no_game>
	</extension>
	<extension point="xbmc.addon.metadata">
		<summary lang="en">bsnes C++98 (v085) (v085 (Performance))</summary>
		<description>Supported files: sfc|smc</description>
		<license></license>
		<platform></platform>
		<nofanart>true</nofanart>
		<noicon>false</noicon>
		
	</extension>
</addon>