<?xml version="1.0" encoding="UTF-8"?>
<addon id="gameclient.quicknes"
		name="NES / Famicom (QuickNES)"
		version="1.0.0"
		provider-name="blargg|kode54">
	<requires>
		<import addon="library.xbmc.libretro" version="1.0.0"/>
	</requires>
	<extension point="xbmc.gameclient"
			library_android=""
			library_linux=""
			library_osx="quicknes_libretro.dylib"
			library_windx=""
			library_wingl="">
		<platforms>Nintendo Entertainment System</platforms>
		<extensions>nes</extensions>
		<supports_vfs>true</supports_vfs>
		<supports_no_game>false</supports_no_game>
	</extension>
	<extension point="xbmc.addon.metadata">
		<summary lang="en">QuickNES (v1)</summary>
		<description>Supported files: nes</description>
		<license></license>
		<platform></platform>
		<nofanart>true</nofanart>
		<noicon>true</noicon>
		
	</extension>
</addon>