<?xml version="1.0" encoding="UTF-8"?>
<addon id="gameclient.mednafen.pce.fast"
		name="PC Engine/TurboGrafx-16 (Mednafen PCE Fast)"
		version="0.9.35"
		provider-name="Ryphecha">
	<requires>
		<import addon="library.xbmc.libretro" version="1.0.0"/>
	</requires>
	<extension point="xbmc.gameclient"
			library_android=""
			library_linux="mednafen_pce_fast_libretro.so"
			library_osx=""
			library_windx=""
			library_wingl="">
		<platforms>PC Engine/TurboGrafx-16</platforms>
		<extensions>pce|sgx|cue|ccd</extensions>
		<supports_vfs>false</supports_vfs>
		<supports_no_game>false</supports_no_game>
	</extension>
	<extension point="xbmc.addon.metadata">
		<summary lang="en">Mednafen PCE Fast (v0.9.33.3)</summary>
		<description>Supported files: pce|sgx|cue|ccd

Last updated 2014-6-4 (2693de3)</description>
		<license></license>
		<platform></platform>
		<nofanart>true</nofanart>
		<noicon>true</noicon>
		
	</extension>
</addon>