<?xml version="1.0" encoding="UTF-8"?>
<addon id="gameclient.dinothawr"
		name="Dinothawr"
		version="1.0.0"
		provider-name="Themaister|Agnes Heyer">
	<requires>
		<import addon="library.xbmc.libretro" version="1.0.0"/>
	</requires>
	<extension point="xbmc.gameclient"
			library_android=""
			library_linux="dinothawr_libretro.so"
			library_osx=""
			library_windx=""
			library_wingl="">
		<platforms>Game</platforms>
		<extensions>game</extensions>
		<supports_vfs>false</supports_vfs>
		<supports_no_game>false</supports_no_game>
	</extension>
	<extension point="xbmc.addon.metadata">
		<summary lang="en">Dinothawr (v1.0)</summary>
		<description>Supported files: game</description>
		<license></license>
		<platform></platform>
		<nofanart>true</nofanart>
		<noicon>true</noicon>
		<!--<broken>Poor performance and reported crashes. Use FCEU-Next.</broken>-->
		
	</extension>
</addon>