<?xml version="1.0" encoding="UTF-8"?>
<addon id="gameclient.mednafen.lynx"
		name="Lynx (Mednafen Lynx)"
		version="0.9.32"
		provider-name="K. Wilkins|Ryphecha">
	<requires>
		<import addon="library.xbmc.libretro" version="1.0.0"/>
	</requires>
	<extension point="xbmc.gameclient"
			library_android=""
			library_linux=""
			library_osx="mednafen_lynx_libretro.dylib"
			library_windx=""
			library_wingl="">
		<platforms>Atari Lynx</platforms>
		<extensions>lnx</extensions>
		<supports_vfs>false</supports_vfs>
		<supports_no_game>false</supports_no_game>
	</extension>
	<extension point="xbmc.addon.metadata">
		<summary lang="en">Mednafen Lynx (v0.9.32)</summary>
		<description>Supported files: lnx</description>
		<license></license>
		<platform></platform>
		<nofanart>true</nofanart>
		<noicon>true</noicon>
		
	</extension>
</addon>