<?xml version="1.0" encoding="UTF-8"?>
<addon id="gameclient.instancingviewer"
		name="PNG Images (InstancingViewer)"
		version="3.0.0"
		provider-name="Team Libretro">
	<requires>
		<import addon="library.xbmc.libretro" version="1.0.0"/>
	</requires>
	<extension point="xbmc.gameclient"
			library_android=""
			library_linux=""
			library_osx="instancingviewer_libretro.dylib"
			library_windx=""
			library_wingl="">
		<platforms>Instantiation of objects</platforms>
		<extensions>png</extensions>
		<supports_vfs>true</supports_vfs>
		<supports_no_game>false</supports_no_game>
	</extension>
	<extension point="xbmc.addon.metadata">
		<summary lang="en">InstancingViewer (v3)</summary>
		<description>Supported files: png</description>
		<license></license>
		<platform></platform>
		<nofanart>true</nofanart>
		<noicon>true</noicon>
		
	</extension>
</addon>