<?xml version="1.0" encoding="UTF-8"?>
<addon id="gameclient.handy"
		name="Lynx (Handy)"
		version="0.95.1"
		provider-name="K. Wilkins">
	<requires>
		<import addon="library.xbmc.libretro" version="1.0.0"/>
	</requires>
	<extension point="xbmc.gameclient"
			library_android=""
			library_linux="handy_libretro.so"
			library_osx=""
			library_windx=""
			library_wingl="">
		<platforms>Atari Lynx</platforms>
		<extensions>lnx</extensions>
		<supports_vfs>false</supports_vfs>
		<supports_no_game>false</supports_no_game>
	</extension>
	<extension point="xbmc.addon.metadata">
		<summary lang="en">Handy (0.95)</summary>
		<description>Supported files: lnx

Last updated 2014-5-18 (96880b8)</description>
		<license></license>
		<platform></platform>
		<nofanart>true</nofanart>
		<noicon>true</noicon>
		
	</extension>
</addon>