<?xml version="1.0" encoding="UTF-8"?>
<addon id="gameclient.dosbox"
		name="DOS (DOSBox)"
		version="1.0.0"
		provider-name="Libretro Team">
	<requires>
		<import addon="library.xbmc.libretro" version="1.0.0"/>
	</requires>
	<extension point="xbmc.gameclient"
			library_android=""
			library_linux="dosbox_libretro.so"
			library_osx=""
			library_windx=""
			library_wingl="">
		<platforms></platforms>
		<extensions>exe|com|bat|conf</extensions>
		<supports_vfs>false</supports_vfs>
		<supports_no_game>true</supports_no_game>
	</extension>
	<extension point="xbmc.addon.metadata">
		<summary lang="en">DOSBox (svn)</summary>
		<description>Supported files: exe|com|bat|conf</description>
		<license></license>
		<platform></platform>
		<nofanart>true</nofanart>
		<noicon>false</noicon>
		<!--<broken>Poor performance and reported crashes. Use FCEU-Next.</broken>-->
		
	</extension>
</addon>