<?xml version="1.0" encoding="UTF-8"?>
<addon id="gameclient.nxengine"
		name="Cave Story (NXEngine)"
		version="1.0.1"
		provider-name="Caithlin Shaw">
	<requires>
		<import addon="library.xbmc.libretro" version="1.0.0"/>
	</requires>
	<extension point="xbmc.gameclient"
			library_android=""
			library_linux=""
			library_osx="nxengine_libretro.dylib"
			library_windx=""
			library_wingl="">
		<platforms>Cave Story game engine</platforms>
		<extensions>exe</extensions>
		<supports_vfs>false</supports_vfs>
		<supports_no_game>false</supports_no_game>
	</extension>
	<extension point="xbmc.addon.metadata">
		<summary lang="en">NXEngine (1.0.0.4)</summary>
		<description>Supported files: exe

Last updated 2014-5-23 (2a4b495)</description>
		<license></license>
		<platform></platform>
		<nofanart>true</nofanart>
		<noicon>false</noicon>
		
	</extension>
</addon>