<?xml version="1.0" encoding="UTF-8"?>
<addon id="gameclient.snes9x"
		name="SNES / Super Famicom (SNES9x)"
		version="1.53.0"
		provider-name="SNES9x Team">
	<requires>
		<import addon="library.xbmc.libretro" version="1.0.0"/>
	</requires>
	<extension point="xbmc.gameclient"
			library_android=""
			library_linux="snes9x_libretro.so"
			library_osx=""
			library_windx=""
			library_wingl="">
		<platforms>Super Nintendo Entertainment System</platforms>
		<extensions>smc|sfc|swc|fig</extensions>
		<supports_vfs>true</supports_vfs>
		<supports_no_game>false</supports_no_game>
	</extension>
	<extension point="xbmc.addon.metadata">
		<summary lang="en">SNES9x (1.53)</summary>
		<description>Supported files: smc|sfc|swc|fig</description>
		<license></license>
		<platform></platform>
		<nofanart>true</nofanart>
		<noicon>false</noicon>
		<!--<broken>Poor performance and reported crashes. Use FCEU-Next.</broken>-->
		
	</extension>
</addon>