<?xml version="1.0" encoding="UTF-8"?>
<addon id="gameclient.mednafen.vb"
		name="Virtual Boy (Mednafen VB)"
		version="0.9.35"
		provider-name="Ryphecha">
	<requires>
		<import addon="library.xbmc.libretro" version="1.0.0"/>
	</requires>
	<extension point="xbmc.gameclient"
			library_android=""
			library_linux=""
			library_osx=""
			library_windx="mednafen_vb_libretro_win.dll"
			library_wingl="mednafen_vb_libretro_win.dll">
		<platforms>Virtual Boy</platforms>
		<extensions>vb|vboy|bin</extensions>
		<supports_vfs>false</supports_vfs>
		<supports_no_game>false</supports_no_game>
	</extension>
	<extension point="xbmc.addon.metadata">
		<summary lang="en">Mednafen VB (v0.9.33.3)</summary>
		<description>Supported files: vb|vboy|bin

Last updated 2014-6-9 (c3e7cc8)</description>
		<license></license>
		<platform></platform>
		<nofanart>true</nofanart>
		<noicon>true</noicon>
		
	</extension>
</addon>