<?xml version="1.0" encoding="UTF-8"?>
<addon id="gameclient.scummvm"
		name="ScummVM"
		version="1.0.1"
		provider-name="SCUMMVMdev">
	<requires>
		<import addon="library.xbmc.libretro" version="1.0.0"/>
	</requires>
	<extension point="xbmc.gameclient"
			library_android=""
			library_linux=""
			library_osx="scummvm_libretro.dylib"
			library_windx=""
			library_wingl="">
		<platforms></platforms>
		<extensions>exe</extensions>
		<supports_vfs>false</supports_vfs>
		<supports_no_game>true</supports_no_game>
	</extension>
	<extension point="xbmc.addon.metadata">
		<summary lang="en">ScummVM (git)</summary>
		<description>Supported files: exe

Last updated 2014-6-4 (3e63488)</description>
		<license></license>
		<platform></platform>
		<nofanart>true</nofanart>
		<noicon>false</noicon>
		
	</extension>
</addon>