<?xml version="1.0" encoding="UTF-8"?>
<addon id="gameclient.pcsx.rearmed"
		name="PlayStation1 (PCSX ReARMed)"
		version="19.0.0"
		provider-name="PCSX Team|notaz|Exophase">
	<requires>
		<import addon="library.xbmc.libretro" version="1.0.0"/>
	</requires>
	<extension point="xbmc.gameclient"
			library_android=""
			library_linux="pcsx_rearmed_libretro.so"
			library_osx=""
			library_windx=""
			library_wingl="">
		<platforms>PlayStation</platforms>
		<extensions>bin|cue|img|mdf|pbp|toc|cbn|m3u</extensions>
		<supports_vfs>false</supports_vfs>
		<supports_no_game>false</supports_no_game>
	</extension>
	<extension point="xbmc.addon.metadata">
		<summary lang="en">PCSX ReARMed (r19)</summary>
		<description>Supported files: bin|cue|img|mdf|pbp|toc|cbn|m3u</description>
		<license></license>
		<platform></platform>
		<nofanart>true</nofanart>
		<noicon>false</noicon>
		<!--<broken>Poor performance and reported crashes. Use FCEU-Next.</broken>-->
		
	</extension>
</addon>