<?xml version="1.0" encoding="UTF-8"?>
<addon id="gameclient.mame078"
		name="Arcade (MAME 2003)"
		version="0.78.0"
		provider-name="MAMEdev">
	<requires>
		<import addon="library.xbmc.libretro" version="1.0.0"/>
	</requires>
	<extension point="xbmc.gameclient"
			library_android=""
			library_linux=""
			library_osx=""
			library_windx="mame078_libretro_win.dll"
			library_wingl="mame078_libretro_win.dll">
		<platforms>Arcade (various)</platforms>
		<extensions>zip</extensions>
		<supports_vfs>false</supports_vfs>
		<supports_no_game>false</supports_no_game>
	</extension>
	<extension point="xbmc.addon.metadata">
		<summary lang="en">MAME 2003 (0.78) (0.78)</summary>
		<description>Supported files: zip</description>
		<license></license>
		<platform></platform>
		<nofanart>true</nofanart>
		<noicon>false</noicon>
		
	</extension>
</addon>