<?xml version="1.0" encoding="UTF-8"?>
<addon id="gameclient.mednafen.wswan"
		name="WonderSwan/Color (Mednafen Cygne)"
		version="0.9.33"
		provider-name="Libretro Team">
	<requires>
		<import addon="library.xbmc.libretro" version="1.0.0"/>
	</requires>
	<extension point="xbmc.gameclient"
			library_android=""
			library_linux=""
			library_osx=""
			library_windx="mednafen_wswan_libretro_win.dll"
			library_wingl="mednafen_wswan_libretro_win.dll">
		<platforms>WonderSwan/Color</platforms>
		<extensions>ws|wsc</extensions>
		<supports_vfs>false</supports_vfs>
		<supports_no_game>false</supports_no_game>
	</extension>
	<extension point="xbmc.addon.metadata">
		<summary lang="en">Mednafen WonderSwan (v0.9.33.3)</summary>
		<description>Supported files: ws|wsc</description>
		<license></license>
		<platform></platform>
		<nofanart>true</nofanart>
		<noicon>false</noicon>
		
	</extension>
</addon>