<?xml version="1.0" encoding="UTF-8"?>
<addon id="gameclient.modelviewer.location"
		name="3D Models (Modelviewer) GPS"
		version="1.0.0"
		provider-name="Team Libretro">
	<requires>
		<import addon="library.xbmc.libretro" version="1.0.0"/>
	</requires>
	<extension point="xbmc.gameclient"
			library_android=""
			library_linux="modelviewer_location_libretro.so"
			library_osx=""
			library_windx=""
			library_wingl="">
		<platforms>3D Models</platforms>
		<extensions>obj</extensions>
		<supports_vfs>false</supports_vfs>
		<supports_no_game>false</supports_no_game>
	</extension>
	<extension point="xbmc.addon.metadata">
		<summary lang="en">Modelviewer (v1)</summary>
		<description>Supported files: obj</description>
		<license></license>
		<platform></platform>
		<nofanart>true</nofanart>
		<noicon>true</noicon>
		
	</extension>
</addon>