<?xml version="1.0" encoding="UTF-8"?>
<addon id="gameclient.bsnes.accuracy"
		name="SNES / Super Famicom (bSNES Accuracy)"
		version="94.0.0"
		provider-name="byuu">
	<requires>
		<import addon="library.xbmc.libretro" version="1.0.0"/>
	</requires>
	<extension point="xbmc.gameclient"
			library_android=""
			library_linux=""
			library_osx="bsnes_accuracy_libretro.dylib"
			library_windx=""
			library_wingl="">
		<platforms>Super Nintendo Entertainment System</platforms>
		<extensions>sfc|smc|bml</extensions>
		<supports_vfs>true</supports_vfs>
		<supports_no_game>false</supports_no_game>
	</extension>
	<extension point="xbmc.addon.metadata">
		<summary lang="en">bsnes/higan Accuracy (v094 (Accuracy))</summary>
		<description>Supported files: sfc|smc|bml</description>
		<license></license>
		<platform></platform>
		<nofanart>true</nofanart>
		<noicon>false</noicon>
		
	</extension>
</addon>