<?xml version="1.0" encoding="UTF-8"?>
<addon id="gameclient.mednafen.pcfx"
		name="PC-FX (Mednafen PC-FX)"
		version="0.9.33"
		provider-name="Ryphecha">
	<requires>
		<import addon="library.xbmc.libretro" version="1.0.0"/>
	</requires>
	<extension point="xbmc.gameclient"
			library_android=""
			library_linux=""
			library_osx="mednafen_pcfx_libretro.dylib"
			library_windx=""
			library_wingl="">
		<platforms>PC-FX</platforms>
		<extensions>cue|ccd</extensions>
		<supports_vfs>false</supports_vfs>
		<supports_no_game>false</supports_no_game>
	</extension>
	<extension point="xbmc.addon.metadata">
		<summary lang="en">Mednafen PC-FX (v0.9.33.3)</summary>
		<description>Supported files: cue|ccd</description>
		<license></license>
		<platform></platform>
		<nofanart>true</nofanart>
		<noicon>true</noicon>
		
	</extension>
</addon>