<?xml version="1.0" encoding="UTF-8"?>
<addon id="gameclient.nestopia"
		name="NES / Famicom (NEStopia)"
		version="1.46.2"
		provider-name="Martin Freij">
	<requires>
		<import addon="library.xbmc.libretro" version="1.0.0"/>
	</requires>
	<extension point="xbmc.gameclient"
			library_android=""
			library_linux=""
			library_osx=""
			library_windx="nestopia_libretro_win.dll"
			library_wingl="nestopia_libretro_win.dll">
		<platforms>Nintendo Entertainment System</platforms>
		<extensions>nes|fds</extensions>
		<supports_vfs>true</supports_vfs>
		<supports_no_game>false</supports_no_game>
	</extension>
	<extension point="xbmc.addon.metadata">
		<summary lang="en">Nestopia (v1.46-WIP)</summary>
		<description>Supported files: nes|fds

Last updated 2014-4-30 (6dc8c6a)</description>
		<license></license>
		<platform></platform>
		<nofanart>true</nofanart>
		<noicon>false</noicon>
		
	</extension>
</addon>