<?xml version="1.0" encoding="UTF-8"?>
<addon id="gameclient.prboom"
		name="Doom (PrBoom)"
		version="2.5.0"
		provider-name="Libretro Team">
	<requires>
		<import addon="library.xbmc.libretro" version="1.0.0"/>
	</requires>
	<extension point="xbmc.gameclient"
			library_android=""
			library_linux=""
			library_osx=""
			library_windx="prboom_libretro_win.dll"
			library_wingl="prboom_libretro_win.dll">
		<platforms>DOOM game engine</platforms>
		<extensions>wad|iwad</extensions>
		<supports_vfs>true</supports_vfs>
		<supports_no_game>false</supports_no_game>
	</extension>
	<extension point="xbmc.addon.metadata">
		<summary lang="en">PrBoom (v2.5.0)</summary>
		<description>Supported files: wad|iwad</description>
		<license></license>
		<platform></platform>
		<nofanart>true</nofanart>
		<noicon>true</noicon>
		
	</extension>
</addon>