<?xml version="1.0" encoding="UTF-8"?>
<addon id="gameclient.stella"
		name="Atari 2600 (Stella)"
		version="3.4.2"
		provider-name="Libretro Team">
	<requires>
		<import addon="library.xbmc.libretro" version="1.0.0"/>
	</requires>
	<extension point="xbmc.gameclient"
			library_android=""
			library_linux=""
			library_osx="stella_libretro.dylib"
			library_windx=""
			library_wingl="">
		<platforms>Atari 2600</platforms>
		<extensions>a26|bin</extensions>
		<supports_vfs>true</supports_vfs>
		<supports_no_game>false</supports_no_game>
	</extension>
	<extension point="xbmc.addon.metadata">
		<summary lang="en">Stella (3.4.1)</summary>
		<description>Supported files: a26|bin

Last updated 2014-4-26 (2b9f9a0)</description>
		<license></license>
		<platform></platform>
		<nofanart>true</nofanart>
		<noicon>true</noicon>
		
	</extension>
</addon>